student_id,attendance_pct,study_hours_per_day,assignment_avg,midterm_score,previous_gpa,absences,at_risk
STU0001,81.66,5.55,67.11,55.94,6.26,5,0
STU0002,65.52,4.84,57.06,55.01,6.0,9,0
STU0003,87.01,2.42,61.78,86.2,7.32,5,0
STU0004,89.29,1.25,77.51,70.28,7.1,3,0
STU0005,54.59,0.5,68.04,61.61,5.11,13,1
STU0006,62.37,2.68,73.1,72.98,8.15,11,0
STU0007,79.53,7.13,78.05,31.28,6.69,7,1
STU0008,74.21,4.15,62.38,64.31,5.47,7,0
STU0009,77.8,2.66,79.34,96.96,8.23,7,0
STU0010,67.76,4.2,73.68,67.12,7.55,8,0
STU0011,88.55,1.16,49.48,66.09,5.28,2,0
STU0012,87.33,3.05,89.63,73.77,8.93,6,0
STU0013,78.79,3.65,60.49,79.33,7.59,6,0
STU0014,91.53,3.37,43.17,33.04,6.79,3,0
STU0015,83.61,4.69,52.32,38.08,8.71,4,0
STU0016,67.69,4.02,52.68,68.36,6.99,7,1
STU0017,82.43,4.5,68.78,53.56,6.77,4,0
STU0018,66.49,2.47,63.89,85.99,6.01,11,0
STU0019,88.54,4.85,62.95,59.96,7.5,4,0
STU0020,77.4,5.94,77.3,34.05,7.37,3,1
STU0021,75.78,2.04,73.1,44.71,6.82,6,1
STU0022,69.83,2.17,72.74,21.01,5.85,10,0
STU0023,92.67,5.5,74.15,61.25,6.96,2,0
STU0024,76.15,3.21,77.24,61.99,6.72,3,0
STU0025,72.86,5.61,36.38,58.21,5.2,10,1
STU0026,73.77,2.84,62.53,82.26,5.03,8,0
STU0027,84.39,5.68,35.3,84.18,7.48,4,0
STU0028,82.39,3.7,68.54,62.27,3.68,4,1
STU0029,82.95,3.89,67.93,30.84,7.05,6,1
STU0030,83.17,5.85,83.68,74.88,6.23,3,0
STU0031,100.0,2.96,85.81,73.89,8.37,2,0
STU0032,73.12,2.09,71.04,69.95,6.21,8,0
STU0033,71.85,2.83,60.49,80.7,7.59,7,1
STU0034,68.23,4.18,75.28,46.36,6.32,8,0
STU0035,85.39,1.15,60.08,97.14,6.94,3,0
STU0036,91.55,4.46,67.98,49.65,7.68,4,0
STU0037,76.63,2.69,82.79,76.99,6.24,5,0
STU0038,67.92,5.22,59.63,38.0,8.0,6,0
STU0039,68.11,0.5,80.09,50.12,5.61,9,1
STU0040,85.81,2.32,78.16,89.26,7.15,4,0
STU0041,86.92,0.97,53.68,60.83,7.91,4,0
STU0042,84.52,2.26,82.61,78.44,7.59,4,0
STU0043,70.01,3.87,78.48,68.79,9.1,7,0
STU0044,80.79,3.23,69.53,63.32,5.88,6,0
STU0045,79.4,3.12,56.57,86.82,5.15,5,0
STU0046,80.62,3.26,55.11,61.21,5.61,4,0
STU0047,88.46,3.81,59.94,36.51,7.59,2,0
STU0048,80.68,1.99,76.14,52.15,7.4,8,0
STU0049,86.15,4.56,53.67,73.82,6.92,1,0
STU0050,78.81,4.49,74.56,71.33,5.45,6,0
STU0051,81.47,4.08,49.37,39.93,7.72,2,0
STU0052,85.58,4.33,64.94,53.41,5.33,3,1
STU0053,60.51,3.94,69.64,55.69,8.19,9,1
STU0054,74.16,6.55,100.0,59.15,10.0,3,0
STU0055,72.36,3.37,47.34,42.99,7.24,7,1
STU0056,70.33,3.04,90.08,54.95,7.5,7,1
STU0057,74.7,2.37,70.25,53.34,6.21,3,1
STU0058,95.94,1.95,74.17,77.34,4.63,2,0
STU0059,67.61,1.63,69.78,77.95,6.08,10,1
STU0060,89.62,2.17,74.67,62.67,5.49,5,0
STU0061,57.81,3.39,65.69,58.73,5.06,11,0
STU0062,73.98,4.0,89.81,67.24,8.87,7,0
STU0063,79.95,3.58,61.15,51.93,7.13,7,0
STU0064,85.03,2.35,84.98,46.65,7.26,6,0
STU0065,86.53,4.85,58.33,49.96,6.43,5,0
STU0066,87.52,4.61,67.1,54.84,6.59,2,0
STU0067,73.82,3.26,51.92,46.38,7.96,7,0
STU0068,72.45,2.52,74.83,67.59,6.76,8,0
STU0069,88.3,4.32,89.68,76.68,7.44,0,0
STU0070,75.7,3.78,66.84,39.61,6.56,7,1
STU0071,62.69,1.33,65.05,65.4,6.39,13,0
STU0072,64.4,3.4,51.28,61.48,5.11,10,1
STU0073,66.97,3.89,64.56,70.46,4.43,10,1
STU0074,83.97,2.15,44.11,64.79,6.49,4,0
STU0075,79.71,3.78,54.31,41.74,6.87,5,0
STU0076,86.29,1.32,71.4,44.8,5.26,4,1
STU0077,72.87,5.5,87.79,65.47,6.76,6,0
STU0078,79.9,5.37,100.0,81.46,6.86,4,0
STU0079,85.51,3.12,59.2,29.57,4.21,6,1
STU0080,74.29,4.05,89.53,70.53,5.7,8,0
STU0081,83.48,0.5,71.66,84.03,7.29,3,0
STU0082,70.06,1.77,65.73,62.55,7.26,9,1
STU0083,73.64,3.06,74.49,73.8,5.42,6,0
STU0084,73.42,1.89,68.93,53.75,6.99,7,1
STU0085,63.65,4.57,69.66,63.09,8.03,10,0
STU0086,83.84,6.5,61.88,39.07,7.73,6,0
STU0087,72.37,1.74,47.03,27.49,6.69,7,1
STU0088,78.15,2.24,44.85,80.08,6.24,8,1
STU0089,83.77,3.85,77.8,49.24,6.04,5,0
STU0090,83.36,5.92,63.85,57.71,7.36,5,0
STU0091,85.98,1.67,59.06,42.82,7.03,2,0
STU0092,76.82,3.87,68.13,42.44,7.56,9,1
STU0093,72.92,6.23,79.92,62.22,6.96,7,0
STU0094,77.04,1.02,70.71,53.33,7.78,7,1
STU0095,57.75,1.58,58.16,71.05,6.91,8,0
STU0096,60.63,2.86,86.39,72.24,7.74,9,1
STU0097,62.13,2.72,91.69,70.13,7.84,11,0
STU0098,66.03,4.72,75.42,68.82,5.83,9,0
STU0099,82.8,3.86,82.6,90.24,4.63,1,0
STU0100,67.13,0.84,86.63,47.92,8.65,10,0
STU0101,73.46,4.27,84.95,64.12,7.11,6,0
STU0102,93.59,2.63,77.21,83.12,4.74,4,0
STU0103,73.72,5.41,76.98,85.23,5.94,6,0
STU0104,86.85,2.56,75.79,42.25,7.73,4,0
STU0105,66.8,2.55,51.54,60.0,6.46,10,1
STU0106,75.53,4.31,78.51,86.73,6.19,5,0
STU0107,66.6,4.64,47.66,73.13,8.48,7,0
STU0108,73.93,4.17,56.08,68.12,5.54,6,0
STU0109,88.08,0.97,87.55,61.52,5.84,4,1
STU0110,57.27,4.31,80.6,58.86,7.05,9,1
STU0111,83.21,1.95,90.31,69.61,7.27,2,0
STU0112,80.85,3.85,63.92,60.96,7.4,6,0
STU0113,70.87,1.36,50.72,64.32,7.89,6,0
STU0114,60.65,4.17,64.39,66.26,7.04,9,0
STU0115,78.87,2.29,69.53,54.15,7.39,2,0
STU0116,71.65,1.58,69.18,73.51,6.49,6,0
STU0117,80.79,4.57,85.01,100.0,6.88,5,0
STU0118,78.26,3.86,62.58,36.57,6.93,7,0
STU0119,97.22,2.58,73.28,70.18,7.06,0,0
STU0120,75.13,5.68,53.17,52.84,7.73,9,1
STU0121,65.72,2.84,74.75,74.24,7.47,8,0
STU0122,80.15,3.55,68.05,65.74,6.85,4,0
STU0123,80.64,3.9,56.75,77.19,5.83,7,0
STU0124,94.31,2.57,64.46,83.81,6.88,2,0
STU0125,88.02,4.21,65.24,68.08,6.77,2,0
STU0126,82.28,2.7,63.95,83.11,7.03,4,0
STU0127,95.56,2.88,94.57,27.49,9.45,3,0
STU0128,63.73,5.54,66.52,90.45,6.17,11,0
STU0129,70.32,1.94,64.34,71.0,7.31,6,1
STU0130,66.88,0.5,36.54,82.25,8.08,8,0
STU0131,73.32,5.92,54.59,45.48,6.92,7,0
STU0132,61.48,7.32,64.05,51.71,9.61,8,0
STU0133,85.62,2.89,57.71,67.34,6.35,4,0
STU0134,75.33,0.59,88.73,64.73,7.19,6,0
STU0135,60.35,3.03,65.53,69.53,5.84,12,1
STU0136,65.81,3.07,87.33,82.35,6.38,10,0
STU0137,81.76,3.22,68.93,36.76,7.1,4,0
STU0138,88.06,1.83,68.56,80.58,7.82,3,0
STU0139,100.0,4.37,66.67,65.13,7.18,1,0
STU0140,100.0,4.29,68.06,61.74,8.31,0,0
STU0141,82.97,1.26,93.78,41.46,6.69,5,0
STU0142,66.13,4.55,33.21,73.05,6.4,8,0
STU0143,52.42,6.58,37.98,26.37,10.0,10,1
STU0144,81.21,3.76,59.85,75.37,7.27,3,0
STU0145,68.24,2.99,68.22,41.13,5.94,10,1
STU0146,73.02,3.29,78.35,65.86,5.97,7,0
STU0147,70.65,4.42,75.1,63.09,5.67,10,0
STU0148,76.31,0.9,62.24,83.71,7.92,5,0
STU0149,90.79,3.75,83.29,62.14,6.36,3,0
STU0150,79.88,2.91,83.45,53.89,6.95,9,0
STU0151,76.1,6.27,70.76,56.89,6.72,4,0
STU0152,65.57,3.24,82.44,85.37,7.68,6,0
STU0153,57.9,6.0,72.09,73.58,5.78,12,0
STU0154,72.16,1.84,59.58,58.83,5.51,6,1
STU0155,77.35,4.38,78.47,61.22,7.07,6,0
STU0156,99.22,3.98,69.66,39.93,7.52,0,0
STU0157,79.56,2.2,68.02,71.22,7.2,6,0
STU0158,89.79,3.77,90.09,36.84,5.83,1,0
STU0159,72.01,5.32,31.24,77.03,7.61,7,1
STU0160,63.78,3.01,46.73,67.06,5.91,10,1
STU0161,66.42,0.96,50.19,100.0,6.17,7,0
STU0162,69.3,3.47,62.55,47.4,5.67,7,0
STU0163,100.0,2.15,64.18,63.36,8.36,0,0
STU0164,68.14,2.99,45.39,93.77,7.56,6,0
STU0165,88.06,3.38,53.22,84.06,7.53,2,0
STU0166,67.16,0.94,55.09,53.86,8.3,8,0
STU0167,89.18,1.08,100.0,68.58,10.0,2,0
STU0168,82.62,4.22,95.03,65.03,4.75,4,0
STU0169,76.12,2.72,61.82,69.51,5.91,6,1
STU0170,77.51,0.5,62.55,53.82,6.06,5,1
STU0171,70.14,4.68,50.76,63.57,5.78,9,0
STU0172,83.35,3.91,39.38,39.43,5.51,6,0
STU0173,72.54,2.43,66.25,67.16,6.44,6,0
STU0174,63.29,1.52,53.03,72.2,5.34,10,1
STU0175,62.66,4.75,66.73,61.36,7.2,9,0
STU0176,80.07,4.02,44.0,39.16,6.86,6,1
STU0177,96.95,7.07,56.57,80.82,7.38,3,0
STU0178,79.92,4.13,70.23,70.83,7.41,6,0
STU0179,76.58,4.08,73.49,53.38,7.52,3,0
STU0180,81.43,3.25,74.26,60.51,6.35,5,0
STU0181,93.67,4.73,48.19,40.99,9.35,3,0
STU0182,80.63,4.44,80.82,48.59,7.08,5,1
STU0183,73.07,5.38,56.0,56.4,4.57,8,1
STU0184,91.28,2.72,77.49,84.65,5.6,1,0
STU0185,83.15,2.85,67.84,54.77,4.71,2,0
STU0186,96.43,2.78,47.35,75.24,6.82,1,0
STU0187,80.2,4.69,63.26,56.39,6.65,2,0
STU0188,63.31,5.75,73.48,68.97,6.24,9,0
STU0189,61.58,2.81,77.19,62.74,9.21,12,0
STU0190,97.81,2.86,65.89,78.97,7.46,0,0
STU0191,98.68,3.97,90.98,56.44,7.67,0,0
STU0192,75.85,3.13,83.11,39.84,5.68,4,1
STU0193,73.4,4.93,64.15,42.89,5.6,7,0
STU0194,95.54,0.5,79.25,56.49,6.84,1,0
STU0195,64.72,2.26,97.01,45.02,7.01,11,0
STU0196,67.26,2.33,97.41,71.56,4.57,10,0
STU0197,85.72,0.5,49.58,57.55,6.58,4,1
STU0198,73.26,2.05,54.1,100.0,6.82,7,0
STU0199,77.94,2.13,90.27,37.2,6.54,6,0
STU0200,76.04,3.2,52.13,68.26,5.82,5,1
STU0201,82.05,5.17,48.16,46.95,6.15,6,1
STU0202,94.89,3.13,60.71,57.11,6.59,0,0
STU0203,79.09,1.95,74.3,67.26,6.91,6,0
STU0204,85.73,3.41,66.46,27.79,7.53,5,0
STU0205,53.4,5.07,58.24,68.79,8.1,12,0
STU0206,77.42,2.04,57.89,95.45,6.45,5,0
STU0207,67.88,2.13,57.31,57.74,6.25,9,0
STU0208,63.37,4.34,54.81,69.16,7.33,5,0
STU0209,67.46,3.17,100.0,81.4,7.53,9,0
STU0210,73.99,4.47,72.46,62.38,6.28,6,0
STU0211,88.99,3.48,81.3,55.7,7.75,3,0
STU0212,62.08,4.55,60.66,28.59,7.98,11,1
STU0213,78.37,1.95,65.21,75.26,8.35,5,0
STU0214,72.19,3.48,57.3,63.19,8.93,5,1
STU0215,74.07,3.18,28.22,48.8,5.76,6,0
STU0216,90.03,1.68,47.33,67.03,6.82,3,0
STU0217,84.46,1.15,40.84,55.66,6.81,4,1
STU0218,94.05,4.53,34.25,56.55,6.68,2,0
STU0219,76.15,2.97,50.07,74.7,6.02,8,0
STU0220,69.65,1.97,87.87,43.59,5.02,6,0
STU0221,75.31,3.36,67.33,81.76,6.91,6,0
STU0222,80.91,5.19,87.36,42.64,5.88,7,0
STU0223,80.12,0.5,74.16,54.4,6.9,2,1
STU0224,64.99,1.26,79.74,95.77,5.85,9,1
STU0225,79.09,2.12,54.49,83.04,5.48,4,0
STU0226,80.74,5.69,75.86,66.56,7.08,4,0
STU0227,100.0,3.92,78.93,49.95,6.98,0,0
STU0228,100.0,4.65,59.35,56.53,7.5,0,0
STU0229,67.76,1.79,76.39,66.17,9.42,11,0
STU0230,74.55,1.82,76.49,65.6,7.13,4,1
STU0231,60.44,4.17,59.76,63.55,7.38,8,1
STU0232,70.91,3.59,51.16,64.51,5.51,5,0
STU0233,81.79,4.32,50.24,61.57,5.26,7,1
STU0234,92.47,3.22,69.3,41.93,8.7,1,0
STU0235,69.25,3.92,72.91,56.74,5.69,8,1
STU0236,70.15,3.74,56.11,79.63,5.55,7,0
STU0237,52.23,4.67,68.4,43.11,6.75,11,1
STU0238,76.05,4.71,76.56,61.97,6.69,6,0
STU0239,65.25,1.07,77.27,51.88,5.72,12,0
STU0240,71.65,0.5,91.28,66.78,6.43,9,1
STU0241,67.48,5.0,87.15,58.78,8.28,7,0
STU0242,76.87,5.28,52.98,88.64,5.83,7,0
STU0243,56.91,1.97,93.25,73.11,5.13,10,0
STU0244,60.4,0.71,60.04,44.01,7.93,7,1
STU0245,100.0,3.65,83.67,75.74,7.39,2,0
STU0246,62.55,4.9,69.02,52.61,6.06,11,0
STU0247,64.84,6.2,61.82,55.77,4.9,10,1
STU0248,100.0,4.27,40.88,70.02,5.91,0,0
STU0249,100.0,2.94,65.43,57.13,6.73,0,0
STU0250,63.94,2.16,44.61,79.29,8.2,10,0
STU0251,73.58,3.52,82.51,52.61,5.56,7,0
STU0252,82.1,3.05,90.75,55.1,6.7,4,0
STU0253,98.74,1.98,56.05,54.5,7.61,0,1
STU0254,66.16,6.57,72.53,55.95,3.94,9,0
STU0255,75.06,6.18,57.12,82.59,8.04,8,0
STU0256,87.33,5.2,58.57,75.06,5.38,1,0
STU0257,83.22,2.12,79.62,92.36,7.2,5,0
STU0258,73.49,4.78,67.42,100.0,7.1,7,0
STU0259,76.39,4.46,94.09,48.51,8.1,7,0
STU0260,61.5,4.16,60.77,66.13,7.46,11,0
STU0261,75.14,5.37,82.99,46.18,3.95,5,0
STU0262,74.8,4.45,69.46,52.56,5.86,4,1
STU0263,80.79,4.61,79.94,54.92,6.97,4,0
STU0264,71.34,4.46,61.29,48.09,6.57,8,0
STU0265,83.66,4.01,67.26,48.17,7.37,3,0
STU0266,90.15,0.82,66.27,62.69,7.75,1,0
STU0267,79.87,3.63,55.46,45.53,7.53,2,1
STU0268,82.22,2.67,77.93,78.47,6.54,7,0
STU0269,78.64,1.58,77.75,50.32,4.58,7,1
STU0270,78.0,6.02,76.9,100.0,6.25,7,0
STU0271,69.34,6.09,91.05,57.78,7.3,9,0
STU0272,81.8,5.54,89.74,66.15,5.49,5,0
STU0273,76.83,3.88,62.38,44.27,7.56,5,0
STU0274,100.0,5.53,73.6,92.3,7.89,0,0
STU0275,96.88,3.52,58.65,82.91,6.95,0,0
STU0276,82.63,3.8,68.35,69.75,3.12,8,1
STU0277,68.84,1.86,59.0,43.45,5.27,9,0
STU0278,64.65,4.1,92.3,68.37,9.06,8,1
STU0279,92.29,3.59,73.46,47.06,6.14,3,0
STU0280,81.15,1.55,64.73,88.4,4.42,3,0
STU0281,83.76,3.42,85.9,77.95,8.28,6,0
STU0282,57.06,3.38,35.44,66.53,6.82,10,0
STU0283,89.13,6.2,37.79,26.02,8.13,3,1
STU0284,83.45,4.84,79.94,49.27,7.13,6,0
STU0285,64.67,3.52,68.91,76.0,7.35,9,0
STU0286,72.34,3.87,71.76,84.41,7.24,7,0
STU0287,81.16,3.57,48.1,82.75,7.64,5,1
STU0288,78.63,3.2,67.65,39.53,9.53,5,0
STU0289,74.49,1.88,98.05,69.82,7.97,6,0
STU0290,76.76,3.27,80.36,81.25,4.9,5,0
STU0291,74.98,2.38,70.55,38.47,7.34,8,1
STU0292,79.83,1.62,61.41,64.87,8.17,5,0
STU0293,95.66,4.27,62.08,69.38,8.24,0,0
STU0294,47.2,4.09,36.06,60.19,6.29,12,1
STU0295,75.16,0.82,71.86,35.37,8.2,8,1
STU0296,80.12,3.32,80.68,59.79,7.91,6,0
STU0297,81.55,4.99,44.37,59.76,9.89,5,0
STU0298,73.54,5.09,58.08,62.63,5.9,6,0
STU0299,56.92,5.04,50.64,55.98,6.19,12,1
STU0300,81.94,3.56,53.52,57.91,6.43,4,0
STU0301,98.73,2.23,68.8,64.36,6.21,0,0
STU0302,59.59,1.87,36.73,72.08,5.73,12,0
STU0303,88.37,4.02,77.21,60.13,3.48,4,0
STU0304,74.06,4.07,79.31,58.45,6.28,5,0
STU0305,77.26,5.43,64.23,66.48,7.24,4,0
STU0306,65.37,5.15,30.79,34.27,6.21,9,1
STU0307,73.99,3.3,53.05,72.63,9.12,9,0
STU0308,93.6,1.63,86.49,64.99,6.82,0,0
STU0309,84.99,3.02,26.33,65.64,8.35,4,1
STU0310,98.79,3.83,62.79,80.37,7.11,0,0
STU0311,92.13,3.2,50.3,33.75,7.79,1,1
STU0312,83.27,2.63,80.07,33.42,7.14,4,0
STU0313,98.93,3.88,57.87,69.38,8.44,0,0
STU0314,83.27,2.74,74.06,64.89,6.87,3,0
STU0315,87.94,2.56,76.48,67.72,7.4,3,0
STU0316,74.44,3.97,95.54,57.61,7.24,6,0
STU0317,78.8,2.9,64.96,75.63,6.45,3,0
STU0318,69.63,3.87,73.64,79.92,7.29,9,0
STU0319,89.88,3.91,45.72,72.74,9.48,4,0
STU0320,63.86,1.79,85.86,60.83,6.48,10,0
STU0321,87.39,2.78,56.59,31.28,7.3,1,1
STU0322,75.71,5.66,59.59,77.31,8.31,7,0
STU0323,92.05,1.76,67.67,84.55,8.17,3,0
STU0324,87.01,0.5,44.56,75.31,6.81,2,0
STU0325,99.85,0.71,71.43,50.93,3.94,0,0
STU0326,86.77,3.54,82.51,75.78,7.42,3,0
STU0327,59.14,3.55,72.39,78.77,4.14,13,0
STU0328,77.2,3.32,44.17,89.94,8.56,9,0
STU0329,63.94,5.32,66.14,50.98,7.0,7,1
STU0330,71.78,0.5,79.13,61.38,8.0,11,0
STU0331,96.13,4.09,39.83,76.96,5.72,0,0
STU0332,85.65,5.84,51.88,65.92,4.94,5,0
STU0333,69.61,1.81,81.15,47.12,7.11,9,1
STU0334,65.84,2.93,72.05,71.63,6.76,7,0
STU0335,78.39,2.37,74.18,74.26,6.21,6,0
STU0336,63.4,2.16,95.89,66.41,6.9,9,0
STU0337,69.95,3.01,75.03,68.51,10.0,8,0
STU0338,81.74,5.64,77.87,60.86,7.8,5,0
STU0339,91.86,6.26,100.0,88.65,8.06,4,0
STU0340,85.31,3.0,64.79,50.59,7.81,4,1
STU0341,50.5,6.36,56.03,55.6,8.58,12,1
STU0342,81.65,3.55,74.42,65.18,6.57,6,0
STU0343,78.86,6.13,74.58,79.06,4.33,6,0
STU0344,82.97,3.36,60.1,41.04,6.57,5,0
STU0345,97.39,3.7,52.51,44.04,7.77,0,1
STU0346,53.24,4.05,100.0,32.4,5.64,10,1
STU0347,70.91,8.27,72.9,65.52,6.59,6,0
STU0348,85.09,4.78,57.02,47.11,5.97,3,0
STU0349,59.02,2.44,81.74,58.85,8.6,11,0
STU0350,95.71,4.95,66.36,75.58,7.7,3,0
STU0351,82.42,2.96,64.21,54.74,7.58,4,0
STU0352,88.16,2.77,76.43,68.7,7.55,5,0
STU0353,71.15,4.86,48.62,60.21,6.76,9,0
STU0354,87.77,3.55,73.29,75.75,7.04,3,0
STU0355,90.82,3.92,96.69,72.6,5.38,1,0
STU0356,80.79,3.52,74.99,53.93,4.18,7,1
STU0357,80.81,4.0,62.36,62.3,6.98,5,0
STU0358,81.24,4.14,60.39,81.7,7.19,5,0
STU0359,67.64,0.59,61.84,71.29,8.25,8,1
STU0360,76.23,4.5,64.19,42.65,8.69,5,0
STU0361,76.17,2.03,62.33,75.49,8.68,4,0
STU0362,82.6,1.34,81.74,47.65,5.6,5,1
STU0363,90.0,3.41,42.0,87.6,6.38,1,0
STU0364,65.3,3.63,80.93,81.39,7.38,13,0
STU0365,76.5,2.46,62.3,69.64,9.84,4,0
STU0366,95.78,4.75,73.65,67.52,8.58,0,0
STU0367,69.08,1.49,51.1,61.66,8.14,8,1
STU0368,68.13,2.89,87.93,75.86,6.33,10,0
STU0369,80.43,2.62,86.68,59.07,5.74,5,0
STU0370,88.13,3.43,82.39,68.77,7.75,4,0
STU0371,78.14,3.92,45.28,78.95,5.48,3,0
STU0372,93.95,1.99,80.44,56.01,6.51,0,1
STU0373,88.28,4.59,74.07,55.14,6.66,1,0
STU0374,88.1,3.59,43.92,45.89,8.71,0,0
STU0375,84.65,0.66,67.64,47.97,6.37,4,0
STU0376,100.0,0.56,73.47,35.75,3.87,0,1
STU0377,75.54,3.48,76.34,76.68,7.41,4,0
STU0378,53.96,3.17,70.66,93.94,5.96,11,0
STU0379,97.25,3.34,72.37,87.81,6.85,0,0
STU0380,72.51,3.46,90.1,38.98,6.7,7,0
STU0381,79.29,3.84,86.39,76.6,6.47,6,0
STU0382,93.71,4.92,24.99,87.75,7.75,3,0
STU0383,58.77,1.83,63.24,57.69,4.96,11,0
STU0384,62.98,1.74,65.53,66.62,6.18,11,1
STU0385,58.78,1.86,41.72,32.87,7.62,10,1
STU0386,68.47,3.93,69.41,69.27,6.06,8,0
STU0387,83.28,5.37,86.73,47.98,4.87,5,0
STU0388,84.29,2.85,51.7,68.19,7.6,4,0
STU0389,81.32,0.5,73.05,40.02,8.15,4,1
STU0390,61.05,0.94,54.26,73.69,6.75,9,1
STU0391,50.28,2.25,57.92,81.39,4.45,11,1
STU0392,78.65,2.66,90.16,52.47,7.65,6,1
STU0393,72.34,2.89,59.86,46.81,4.81,7,1
STU0394,83.51,3.56,74.93,30.5,7.17,3,1
STU0395,86.42,3.03,39.93,60.74,5.74,2,0
STU0396,79.66,5.07,95.93,55.69,5.41,3,0
STU0397,87.12,2.49,77.04,40.18,6.27,5,1
STU0398,80.75,2.21,65.26,72.25,6.58,5,0
STU0399,84.36,4.22,76.63,57.8,6.03,3,1
STU0400,69.54,1.2,46.85,47.79,7.51,9,1
STU0401,75.84,4.08,85.74,56.13,6.26,5,0
STU0402,80.36,3.65,63.14,82.14,7.98,3,0
STU0403,87.85,3.28,64.94,74.65,7.14,5,0
STU0404,73.28,5.88,60.63,62.92,5.96,6,0
STU0405,84.25,2.57,59.29,74.91,5.76,3,1
STU0406,74.81,6.59,78.42,46.43,4.82,6,1
STU0407,76.59,3.16,71.84,65.52,7.15,8,0
STU0408,87.95,1.58,77.78,67.36,6.37,3,0
STU0409,54.08,3.6,67.87,57.48,3.95,10,1
STU0410,62.44,1.89,75.7,71.97,6.16,10,0
STU0411,60.21,2.37,61.72,52.51,5.72,9,1
STU0412,50.0,4.1,100.0,73.16,8.69,15,1
STU0413,69.86,4.33,44.48,73.83,4.76,8,0
STU0414,86.99,2.57,86.91,18.33,5.07,0,1
STU0415,74.58,4.98,88.52,84.04,8.13,7,0
STU0416,80.37,5.24,55.22,16.24,8.43,8,0
STU0417,91.07,5.65,100.0,55.14,5.91,5,0
STU0418,93.93,4.29,82.93,81.41,6.04,4,0
STU0419,77.17,5.55,82.57,59.92,7.54,4,0
STU0420,94.24,0.68,68.42,41.54,4.01,3,0
STU0421,79.11,3.02,64.74,47.5,4.57,4,1
STU0422,67.95,2.2,64.86,81.43,6.46,8,0
STU0423,70.87,3.68,73.86,34.26,8.66,5,0
STU0424,60.23,2.64,89.02,83.06,6.28,9,0
STU0425,67.34,3.25,70.72,64.12,6.92,7,0
STU0426,73.7,6.32,54.33,45.92,8.16,8,0
STU0427,87.64,3.25,80.37,55.67,9.33,4,0
STU0428,98.65,4.12,81.82,48.72,6.11,1,0
STU0429,61.41,3.15,77.82,78.86,6.78,8,0
STU0430,82.71,3.61,79.18,76.72,8.99,4,0
STU0431,65.51,3.51,63.94,37.49,4.97,8,1
STU0432,83.7,4.17,54.07,58.54,8.03,5,0
STU0433,76.43,5.25,54.98,51.19,5.58,8,0
STU0434,56.03,5.97,43.47,85.7,6.92,13,0
STU0435,89.14,3.96,71.55,43.4,6.51,2,1
STU0436,70.74,4.38,66.75,90.67,5.65,3,0
STU0437,71.59,1.77,61.4,64.47,5.62,4,1
STU0438,65.16,3.37,23.67,46.41,7.13,11,1
STU0439,70.15,4.91,49.29,54.16,7.99,7,0
STU0440,83.13,4.8,84.81,52.17,6.64,3,0
STU0441,75.73,3.82,58.03,44.61,6.88,9,0
STU0442,81.94,4.83,73.41,66.52,7.49,6,0
STU0443,82.34,4.24,47.14,45.35,5.63,4,0
STU0444,93.85,5.3,89.58,30.11,7.69,1,0
STU0445,73.89,3.93,65.84,58.93,7.78,6,0
STU0446,60.28,2.97,72.35,36.15,9.92,10,1
STU0447,90.81,4.0,100.0,52.97,6.35,5,0
STU0448,74.02,0.5,90.75,50.45,6.25,7,0
STU0449,91.38,4.07,63.4,51.06,7.72,3,0
STU0450,82.6,0.5,59.1,97.02,7.78,6,0
STU0451,76.43,0.91,63.12,65.9,6.16,4,1
STU0452,82.19,4.18,75.65,68.93,6.32,6,0
STU0453,100.0,4.22,66.42,36.58,7.45,0,0
STU0454,100.0,1.76,62.07,54.54,5.81,0,0
STU0455,78.83,2.43,90.01,68.44,6.31,2,0
STU0456,79.92,5.56,66.29,48.61,6.91,3,0
STU0457,90.91,2.77,100.0,79.53,8.0,3,0
STU0458,67.85,6.86,69.36,45.76,6.07,8,1
STU0459,82.0,3.5,94.78,60.42,4.59,5,0
STU0460,77.69,4.11,73.36,55.62,4.5,9,0
STU0461,81.77,5.93,82.44,67.63,5.29,3,0
STU0462,68.0,3.7,57.13,54.75,5.22,8,1
STU0463,58.93,2.0,55.19,60.67,6.61,11,1
STU0464,53.12,3.34,74.9,61.22,5.37,11,1
STU0465,64.59,3.45,82.83,53.25,5.96,9,0
STU0466,72.5,1.45,68.6,72.76,5.87,4,0
STU0467,74.48,3.12,48.7,68.81,6.27,8,0
STU0468,100.0,2.39,47.6,63.58,8.39,0,1
STU0469,91.27,4.89,46.59,58.11,7.59,5,0
STU0470,66.45,3.55,41.49,77.74,6.82,8,0
STU0471,82.17,3.08,69.64,61.23,6.25,6,1
STU0472,73.12,3.34,84.88,60.09,6.28,7,0
STU0473,74.59,3.83,67.8,66.68,7.19,6,0
STU0474,80.22,4.43,34.09,92.15,7.5,4,0
STU0475,85.43,2.0,65.14,43.55,5.71,4,1
STU0476,73.93,1.94,65.56,77.32,6.84,7,0
STU0477,90.77,5.16,99.44,34.71,4.36,1,1
STU0478,64.3,2.88,46.14,68.48,7.05,9,1
STU0479,78.08,1.37,62.14,90.2,7.71,5,0
STU0480,100.0,4.17,93.59,72.82,6.46,3,0
STU0481,80.68,4.2,74.75,67.73,8.98,5,0
STU0482,95.2,1.2,76.45,56.03,5.74,4,0
STU0483,79.1,3.84,69.72,65.5,7.06,5,0
STU0484,84.97,4.6,72.95,60.97,6.76,4,0
STU0485,77.32,4.06,79.66,52.42,6.68,4,0
STU0486,75.96,4.45,55.86,60.36,6.66,5,0
STU0487,68.65,1.39,81.17,68.17,6.93,8,0
STU0488,83.16,4.0,47.4,52.72,7.82,7,0
STU0489,67.78,3.05,72.93,52.1,8.45,8,0
STU0490,85.99,2.78,70.68,43.24,6.8,6,0
STU0491,91.02,4.81,58.76,71.25,7.78,3,0
STU0492,82.4,5.72,67.66,73.73,5.96,7,0
STU0493,74.57,6.19,58.66,68.71,7.72,6,0
STU0494,83.45,5.47,51.92,80.44,5.89,8,0
STU0495,74.3,3.34,62.7,66.41,8.11,6,0
STU0496,89.23,4.03,51.44,71.27,9.45,2,0
STU0497,56.02,4.65,72.84,69.86,6.65,9,0
STU0498,73.97,3.68,50.75,63.54,4.17,10,0
STU0499,54.11,3.7,78.68,56.51,6.14,13,1
STU0500,60.06,4.74,50.28,100.0,8.28,9,0
